zcta,Total,Householder who is White alone,Householder who is Black or African American alone,Householder who is American Indian and Alaska Native alone,Householder who is Asian alone,Householder who is Native Hawaiian and Other Pacific Islander alone,Householder who is Some Other Race alone,Householder who is Two or More Races
10032,20228,6131,5377,240,793,14,6177,1496
14774,46,46,0,0,0,0,0,0
12740,800,770,9,2,2,0,8,9
12832,2750,2697,11,12,5,0,3,22
13602,117,77,21,1,5,1,7,5
14853,0,0,0,0,0,0,0,0
11106,17101,10700,1396,72,2736,7,1556,634
12924,65,64,1,0,0,0,0,0
11213,23142,3391,18086,100,186,10,768,601
13634,1546,1513,8,7,4,1,2,11
13656,991,959,9,3,0,3,1,16
13490,519,511,4,0,2,0,0,2
12472,716,673,12,1,7,0,8,15
12777,336,315,7,2,1,1,6,4
13460,1784,1752,5,5,7,0,3,12
13337,335,329,1,1,1,0,0,3
14860,437,426,1,1,3,0,3,3
13696,43,41,0,0,1,0,0,1
11765,273,249,5,0,16,0,3,0
12594,1506,1311,91,2,19,0,59,24
13211,2677,2490,96,24,15,0,21,31
14467,3663,3226,237,9,128,0,22,41
13206,7835,6485,933,71,90,0,79,177
14611,6711,1670,4536,35,71,3,198,198
13301,54,53,0,0,1,0,0,0
11365,15463,7511,1602,32,5230,7,666,415
11724,1013,988,0,0,16,0,5,4
11937,5805,5177,156,24,70,2,324,52
11375,32547,22839,1051,51,7022,10,888,686
13756,249,245,2,0,1,0,0,1
14810,5153,4958,111,9,18,0,14,43
11763,9185,7685,787,31,204,1,341,136
12210,5180,2673,2056,13,146,3,125,164
14885,303,301,1,0,1,0,0,0
12816,1902,1865,12,3,5,0,2,15
12917,536,526,3,1,1,0,0,5
14420,7215,6830,171,25,64,3,57,65
12760,224,213,6,0,2,0,0,3
11005,1362,1334,12,0,11,0,1,4
11217,16269,10293,3435,65,1045,5,817,609
14432,2233,2175,17,3,5,1,16,16
12477,7905,7525,125,22,70,0,40,123
12792,139,133,0,0,1,0,3,2
13621,258,254,0,2,1,0,0,1
12515,571,521,24,2,8,0,7,9
14507,536,528,4,1,0,0,0,3
10516,2165,2069,13,5,25,1,29,23
13812,918,910,4,0,1,0,1,2
11715,1687,1640,9,4,10,0,15,9
12015,1291,1248,17,2,10,1,7,6
12306,10744,10134,256,23,97,7,117,110
12409,406,392,2,0,5,0,4,3
14456,7816,6793,544,22,85,1,242,129
14817,1005,962,8,2,6,1,5,21
10006,1791,1240,89,1,360,0,60,41
10463,28408,16159,4745,182,1112,12,5025,1173
12157,1708,1685,3,1,4,0,4,11
13319,424,414,5,1,3,0,1,0
14427,792,784,1,2,1,0,0,4
12066,862,845,5,1,0,0,2,9
12873,330,322,3,1,0,0,1,3
13035,3168,3124,9,8,11,0,4,12
13364,92,92,0,0,0,0,0,0
13041,3830,3513,163,27,79,2,16,30
14873,1012,985,7,4,2,0,4,10
11931,70,68,0,0,0,0,1,1
12956,482,477,1,0,0,0,0,4
13339,2603,2552,7,8,10,0,9,17
14722,92,91,0,0,1,0,0,0
12861,259,258,0,0,0,0,0,1
10308,10142,9620,44,14,242,4,132,86
12912,848,830,2,2,0,0,0,14
13111,629,616,0,5,1,0,1,6
13476,1236,1207,9,2,6,0,2,10
12742,79,70,5,0,0,0,4,0
12962,2172,2130,16,2,7,0,3,14
13032,5147,5023,29,38,11,0,9,37
13757,438,426,4,5,1,0,1,1
12723,674,647,15,1,2,0,5,4
14757,1376,1363,3,2,1,0,1,6
10578,238,224,2,0,6,1,3,2
12160,368,359,1,1,0,0,0,7
10522,3901,3283,193,1,282,2,87,53
14891,1821,1779,6,11,4,0,5,16
10930,2846,2429,162,5,122,2,89,37
10007,2840,2322,74,3,376,1,23,41
12180,21558,17499,2651,65,556,4,383,400
12918,937,927,1,4,0,0,0,5
12992,1866,1837,10,4,3,1,3,8
13402,618,610,2,1,1,1,0,3
13431,773,763,1,3,0,0,0,6
14534,11932,10926,216,12,675,1,20,82
11581,7023,5289,775,7,597,1,223,131
11784,8009,7166,233,12,287,4,185,122
13078,3572,3250,80,26,177,0,7,32
13365,3685,3609,19,7,17,3,7,23
13404,87,87,0,0,0,0,0,0
13141,245,242,0,2,1,0,0,0
13494,146,141,0,3,0,0,1,1
14743,715,705,5,0,0,0,0,5
11103,16890,12618,314,58,1943,11,1418,528
11576,4429,3762,40,2,533,0,33,59
13780,413,403,2,2,0,0,4,2
11758,18314,16957,770,17,281,3,158,128
13345,67,67,0,0,0,0,0,0
14850,24786,19997,1129,77,2738,8,265,572
12836,265,263,0,0,0,0,0,2
11733,6076,5537,76,11,382,0,27,43
12801,6548,6288,106,18,36,0,15,85
11520,13398,6285,4589,77,186,5,1709,547
12455,904,865,4,4,14,0,10,7
10177,0,0,0,0,0,0,0,0
13904,3941,3604,202,19,36,1,34,45
12504,31,28,0,0,3,0,0,0
12827,1479,1455,2,3,1,0,7,11
13081,461,450,0,1,0,1,4,5
10466,23318,2583,17170,165,482,17,2140,761
11789,2829,2723,23,5,40,0,16,22
14006,4063,3951,20,52,2,1,11,26
13028,533,527,1,2,0,0,1,2
13787,1381,1361,3,2,3,0,0,12
14812,1309,1279,5,8,4,0,0,13
11545,4111,3758,38,3,224,1,44,43
12935,630,622,1,2,1,0,0,4
14065,694,687,1,2,0,0,1,3
10579,3073,2922,41,2,43,0,26,39
10517,202,175,6,1,9,0,9,2
12565,607,579,7,1,4,0,1,15
12446,2038,1916,42,10,14,1,20,35
13630,549,545,2,0,0,0,0,2
12884,177,171,0,1,0,0,1,4
10510,3420,3100,53,5,208,2,22,30
13746,990,961,4,5,2,0,2,16
14487,2352,2327,9,5,2,0,3,6
10956,10344,8652,527,8,865,0,164,128
13461,1330,1313,3,3,9,0,0,2
10533,2780,2502,38,2,187,0,25,26
10964,552,478,7,1,59,0,3,4
12850,1074,1048,6,0,2,0,0,18
11976,658,633,5,0,5,0,8,7
12058,584,570,4,1,3,0,0,6
13219,6549,6307,114,28,41,1,18,40
14441,124,121,0,0,1,0,0,2
11596,3676,3211,28,2,370,2,27,36
10541,8907,8430,122,8,131,0,139,77
14479,99,98,0,0,0,0,0,1
11451,0,0,0,0,0,0,0,0
14005,714,704,0,1,2,0,5,2
13903,7997,7124,509,23,142,2,65,132
12843,241,240,1,0,0,0,0,0
14783,130,56,0,74,0,0,0,0
11575,4055,415,2980,22,21,1,442,174
12086,762,741,4,2,0,0,10,5
12871,1589,1545,12,6,3,0,15,8
12993,719,707,1,1,2,0,1,7
13136,211,210,0,0,0,0,0,1
10025,44432,30581,6152,156,3309,18,2687,1529
13155,248,243,1,2,0,0,1,1
13838,1907,1860,10,1,14,0,6,16
11220,29018,11460,1100,261,10059,8,5100,1030
11104,11831,7476,295,49,2525,6,1054,426
10535,210,170,12,0,9,0,14,5
12513,311,307,1,1,1,0,0,1
13315,542,534,1,1,1,0,0,5
11778,4438,4248,61,4,53,1,41,30
13495,967,944,9,1,3,0,4,6
13625,807,796,0,4,1,0,0,6
14043,10948,10619,142,26,72,2,25,62
14742,85,84,0,1,0,0,0,0
12193,805,791,2,1,1,0,1,9
13108,2426,2374,7,8,17,0,3,17
13790,8355,7436,368,19,330,4,67,131
11769,3679,3605,22,1,30,0,10,11
12553,9075,7219,955,17,242,6,449,187
12743,166,157,3,0,2,0,0,4
10801,14254,8182,3901,95,584,6,1009,477
10917,640,551,19,3,26,0,37,4
12147,220,218,2,0,0,0,0,0
12154,1073,1057,3,3,2,0,0,8
13147,463,448,1,0,0,0,14,0
12484,1144,1095,16,2,11,1,6,13
13316,2538,2501,10,6,3,0,5,13
14101,710,700,2,4,1,0,0,3
14604,1240,690,350,6,98,1,65,30
12934,426,422,0,2,1,0,0,1
13205,7656,3184,3810,101,257,0,98,206
10993,1618,1074,238,3,64,1,177,61
14609,17844,11289,5112,67,143,4,845,384
12448,196,189,1,0,2,0,2,2
14808,223,219,1,1,0,0,0,2
11218,25240,15941,2965,127,3612,10,1751,834
12035,325,321,1,2,0,0,1,0
14082,175,173,0,0,1,0,1,0
10920,2906,2434,75,7,307,0,47,36
10933,153,145,4,0,0,0,2,2
14551,2156,1870,198,9,7,1,38,33
10606,5755,3384,1018,30,408,2,701,212
14560,911,895,2,4,1,0,0,9
11516,2513,2275,54,0,81,0,85,18
14769,375,366,3,1,0,0,0,5
10470,6390,3643,1980,34,182,1,390,160
14008,523,507,5,4,0,0,6,1
10550,13793,2166,10043,81,185,8,788,522
12961,71,70,0,0,0,0,0,1
11735,11038,9918,306,14,430,1,258,111
12116,798,781,5,1,1,1,2,7
12823,99,98,0,0,0,0,0,1
12870,681,664,2,5,3,0,2,5
13131,1453,1424,6,9,3,0,1,10
10512,9366,8720,175,15,131,1,207,117
12009,2854,2738,34,10,32,0,18,22
10456,28122,4189,14358,401,239,80,7156,1699
12543,1108,878,116,5,21,0,53,35
11939,409,398,2,0,2,0,2,5
13753,1837,1774,21,2,14,1,8,17
14001,3942,3853,15,43,7,1,1,22
10573,12714,9404,789,67,325,2,1750,377
14869,553,543,1,2,0,0,0,7
13148,4516,4361,36,13,49,1,15,41
14450,16748,15895,298,20,376,1,52,106
6390,120,116,1,0,1,0,1,1
14770,1176,1150,8,3,2,0,2,11
12062,712,687,7,3,5,1,3,6
12538,5289,4834,254,3,86,1,52,59
14211,9367,1848,7114,34,146,0,85,140
11568,1026,821,34,1,139,0,8,23
14469,2468,2420,12,9,1,0,7,19
14129,591,474,1,107,1,0,0,8
14506,484,475,1,0,8,0,0,0
10547,2609,2222,171,5,94,1,77,39
10552,8869,4908,3053,21,239,2,396,250
11530,9111,8656,81,6,273,4,48,43
13135,2573,2514,13,15,8,0,2,21
14612,14329,13165,678,39,148,2,136,161
14750,1997,1947,11,4,20,0,4,11
10566,9056,5403,2136,34,221,4,928,330
11963,2860,2675,88,12,32,0,34,19
13501,14906,10920,2142,44,946,8,526,320
11040,13500,9493,182,17,3323,2,247,236
13859,80,76,3,1,0,0,0,0
14172,1297,1263,10,9,1,1,2,11
14815,405,398,1,1,1,0,0,4
14755,1152,1127,4,12,3,0,1,5
10519,117,105,4,0,3,0,5,0
10536,3581,3390,40,4,76,1,47,23
12115,86,84,1,0,0,0,0,1
14626,12430,11337,633,30,212,2,113,103
14738,1516,1501,1,4,1,0,3,6
11225,22501,3563,17123,85,382,9,663,676
13796,507,497,1,1,3,0,0,5
10112,0,0,0,0,0,0,0,0
13103,115,112,2,1,0,0,0,0
14543,1214,1184,14,3,8,0,1,4
10924,4454,3967,178,23,106,2,116,62
11432,18448,4674,4655,139,5658,13,2171,1138
12067,620,603,5,1,5,0,0,6
12138,1256,1232,2,2,2,0,3,15
13803,1521,1491,7,7,2,0,6,8
11954,1422,1344,19,2,9,0,36,12
12148,1741,1634,21,0,68,0,9,9
14854,12,12,0,0,0,0,0,0
12853,739,729,2,1,1,0,1,5
14527,5074,4981,22,7,14,1,20,29
10457,22873,4658,9410,310,389,24,6630,1452
12429,117,108,5,0,0,0,2,2
14739,1152,1133,6,3,2,0,1,7
13697,872,857,0,7,0,0,1,7
14904,6776,6240,355,26,17,3,12,123
10501,381,363,3,0,9,0,2,4
10548,1134,1036,25,0,26,0,26,21
11948,440,426,6,0,1,0,4,3
13120,1018,605,51,342,2,1,2,15
13616,749,620,74,2,12,2,29,10
13641,42,42,0,0,0,0,0,0
11358,13380,7771,158,13,4568,0,611,259
11553,6225,1631,3343,30,136,3,863,219
12084,1985,1477,103,1,356,1,21,26
12933,7,7,0,0,0,0,0,0
12966,1135,1111,3,3,2,0,3,13
12790,1933,1798,58,11,19,0,20,27
12997,536,527,0,1,1,0,0,7
13144,543,531,1,2,0,0,1,8
14586,3740,3051,349,4,257,1,20,58
12120,239,233,2,0,0,0,1,3
10474,3633,810,1263,59,18,5,1223,255
10588,838,762,23,0,24,0,14,15
14879,916,905,6,1,2,0,0,2
14827,79,78,1,0,0,0,0,0
10954,8444,6320,938,13,848,1,194,130
13659,219,215,0,0,1,0,0,3
10027,22839,7060,11139,159,1394,9,2124,954
11953,5293,4408,522,18,162,1,88,94
12430,502,458,7,2,3,1,23,8
12492,123,120,0,1,0,0,0,2
12928,830,816,1,0,3,0,3,7
10165,2,0,0,0,2,0,0,0
13361,276,273,1,0,0,0,0,2
14139,875,859,1,5,3,0,0,7
13665,326,307,5,6,1,0,2,5
13167,1278,1261,3,3,2,0,0,9
13905,11956,10095,900,36,501,4,155,265
14221,22676,20566,639,34,1215,5,57,160
14222,7074,5895,745,55,150,1,107,121
14424,11310,10954,136,25,65,1,31,98
10595,2330,2095,32,1,148,0,31,23
11940,1911,1837,26,4,11,0,14,19
13736,910,894,5,1,2,0,1,7
12923,255,246,0,1,2,0,2,4
13031,6489,6235,102,20,74,1,20,37
13124,54,54,0,0,0,0,0,0
14013,666,473,1,188,0,0,2,2
14081,1196,746,5,430,3,0,0,12
14711,692,674,3,1,2,0,0,12
12095,4976,4815,59,5,38,0,24,35
11732,1361,1264,23,0,55,0,5,14
14905,4024,3679,225,7,43,1,18,51
13664,166,161,3,1,1,0,0,0
13678,92,88,1,1,0,0,0,2
12149,1036,1013,7,0,4,0,3,9
10543,7436,6106,338,16,322,6,498,150
11366,4519,2333,331,6,1592,2,145,110
12498,2408,2274,44,4,28,0,17,41
12944,1713,1672,6,5,5,0,2,23
14030,701,686,3,3,3,0,2,4
11234,31213,16341,12447,74,1103,8,715,525
14732,76,74,0,0,0,0,0,2
12759,587,490,51,3,10,0,18,15
12808,148,144,0,0,1,0,0,3
13303,468,461,2,0,3,0,0,2
10996,627,508,65,4,15,1,20,14
13334,515,507,3,0,0,0,1,4
11721,2324,2279,6,1,27,0,3,8
11757,15540,14385,310,15,256,4,374,196
12939,86,83,1,0,2,0,0,0
13162,181,176,1,1,1,0,1,1
13027,13042,12610,158,44,94,3,35,98
11559,2558,2328,75,1,65,1,64,24
11797,3093,2779,25,0,257,0,7,25
12020,12295,11898,126,20,76,5,34,136
13844,285,279,0,1,0,0,2,3
10469,22554,5622,13308,121,728,9,2059,707
12741,157,149,5,0,0,0,0,3
14618,8416,7457,251,8,571,1,24,104
10021,24734,22083,394,23,1730,11,185,308
10914,142,124,8,0,2,0,7,1
12197,958,933,2,2,1,1,6,13
13485,443,436,1,4,0,0,0,2
11003,12295,4648,4988,42,1117,1,1078,421
12070,571,563,2,1,3,0,2,0
12972,2391,2334,19,1,12,1,4,20
14807,1248,1236,2,0,2,0,2,6
12434,332,328,2,0,1,0,0,1
10030,11395,1277,8465,82,183,7,945,436
11793,10791,10375,65,5,199,1,74,72
13672,279,275,1,1,0,1,0,1
14621,12861,4612,5745,95,243,2,1698,466
10115,0,0,0,0,0,0,0,0
12563,2399,2208,63,7,33,0,58,30
10460,19512,5031,7448,289,255,19,5359,1111
14433,1723,1654,41,3,1,0,6,18
12769,113,102,7,0,1,0,1,2
14606,11303,8070,2248,48,370,4,362,201
14625,4522,4348,57,7,67,1,10,32
12168,822,802,7,1,3,0,3,6
12767,52,52,0,0,0,0,0,0
12589,4774,4267,211,12,37,0,183,64
14203,818,311,452,4,22,0,14,15
13138,22,21,0,1,0,0,0,0
13101,960,936,4,4,2,0,2,12
13489,259,258,0,0,0,0,0,1
13826,23,23,0,0,0,0,0,0
14226,12485,10462,1016,28,795,1,43,140
12059,672,660,3,0,1,0,0,8
12068,1259,1235,2,4,9,0,3,6
13053,1973,1852,57,9,13,1,16,25
11747,7221,6500,205,7,396,0,45,68
12864,18,17,0,0,0,0,0,1
13425,802,790,2,1,2,0,1,6
14174,2354,2304,5,14,6,1,8,16
11109,1975,1366,96,3,387,4,46,73
13493,741,728,1,4,0,0,3,5
11730,4891,4685,46,6,59,0,59,36
14034,704,684,0,7,1,0,3,9
12518,2278,2146,49,8,24,1,25,25
12965,187,186,0,0,0,0,1,0
13861,169,163,1,1,1,0,0,3
14168,14,10,0,4,0,0,0,0
12922,32,31,0,1,0,0,0,0
11692,6195,1110,4120,38,161,2,551,213
12525,1313,1249,19,7,5,0,24,9
13352,29,27,0,1,0,0,0,1
14218,8593,7495,765,28,32,2,140,131
10570,4201,3850,47,3,190,0,73,38
13368,457,451,1,0,1,0,1,3
10598,10293,9439,239,11,392,3,116,93
13068,2146,2060,27,5,8,1,7,38
12859,815,803,5,1,0,0,0,6
13322,423,416,4,0,2,0,1,0
14729,380,376,1,1,1,0,0,1
12987,90,85,0,0,0,1,1,3
14091,407,305,1,96,0,0,1,4
14847,970,944,6,7,6,0,0,7
13841,211,209,0,1,0,0,0,1
14569,2618,2565,1,10,14,0,3,25
10169,0,0,0,0,0,0,0,0
12998,216,210,3,2,0,0,0,1
13118,2124,2096,8,6,3,0,3,8
14206,9443,8257,933,44,61,1,74,73
12789,762,607,93,5,10,2,30,15
12464,514,488,7,1,7,0,3,8
13328,516,511,1,1,1,0,0,2
10154,0,0,0,0,0,0,0,0
12839,5528,5410,32,11,18,2,12,43
14136,2020,1958,13,30,3,0,3,13
14131,2116,2062,21,14,4,0,4,11
10591,8491,6426,600,34,408,4,777,242
11770,69,68,0,0,1,0,0,0
12436,190,186,1,0,1,0,1,1
12517,208,202,3,0,0,0,1,2
12190,296,291,0,0,1,0,0,4
11557,2782,2525,38,0,137,0,60,22
12549,3551,3263,149,5,25,0,82,27
12953,4781,4669,16,34,26,0,7,29
12586,4377,3859,273,7,48,2,118,70
11210,20653,6358,12645,61,605,8,514,462
11719,1211,1144,35,2,7,0,13,10
13040,1052,1032,3,3,2,0,2,10
14591,660,641,3,2,2,0,4,8
11787,12271,11703,98,7,303,2,75,83
13813,367,361,1,1,0,0,0,4
10921,1458,1313,67,8,19,0,38,13
12077,2340,2207,39,3,70,0,5,16
12765,331,321,4,0,2,0,0,4
13633,113,111,1,0,0,0,0,1
12092,546,531,5,1,2,0,1,6
13607,848,832,5,2,3,0,2,4
13684,449,440,1,3,0,0,2,3
12136,350,343,2,0,2,0,2,1
13160,784,762,4,1,3,2,8,4
12745,72,72,0,0,0,0,0,0
13329,1584,1558,3,4,6,0,7,6
13441,15,9,5,0,1,0,0,0
14304,13419,12504,462,154,132,1,50,116
13214,3160,2581,403,7,103,0,24,42
13346,2007,1897,43,1,48,0,5,13
13492,4934,4829,42,9,24,0,8,22
13660,691,684,2,0,1,0,0,4
12809,1330,1318,2,2,1,0,0,7
12970,129,124,2,1,1,0,0,1
14228,8820,7315,618,21,692,1,54,119
14744,378,366,3,0,7,0,0,2
11702,5453,5156,92,5,90,0,60,50
12482,295,276,8,0,6,0,2,3
11354,20120,6632,812,41,11198,3,958,476
13073,2494,2439,11,6,9,0,6,23
11413,12227,300,11300,51,99,2,194,281
12771,5573,4973,270,27,64,0,117,122
12575,738,667,28,4,8,0,14,17
12916,839,829,1,6,0,0,0,3
11590,13870,8710,2724,37,977,2,1070,350
12458,932,845,23,4,4,0,33,23
13740,249,240,2,1,3,0,0,3
10553,3499,241,3024,20,24,0,101,89
11762,7510,7319,23,5,99,2,33,29
14841,389,382,0,0,1,1,1,4
13635,438,430,0,1,1,1,0,5
14472,3319,3259,10,5,22,0,4,19
10029,29378,10357,9436,286,1995,22,5915,1367
12435,139,132,6,1,0,0,0,0
13403,1631,1592,21,3,5,0,2,8
11569,581,569,1,0,5,0,3,3
14884,132,129,1,0,0,0,1,1
10596,683,633,6,3,6,0,27,8
13670,185,181,0,1,0,0,0,3
13760,19290,18139,558,35,278,14,78,188
14481,759,733,4,1,6,0,4,11
14522,3874,3792,15,12,15,1,9,30
13655,1283,54,1,1210,0,0,2,16
12729,700,642,16,9,7,0,10,16
13321,486,472,1,1,1,0,4,7
14125,1390,1345,14,9,1,0,12,9
12849,140,139,0,0,1,0,0,0
13849,1949,1914,7,6,4,0,5,13
13682,315,306,0,1,2,0,0,6
10306,20856,18824,461,48,759,6,485,273
12140,640,632,1,1,1,0,4,1
13734,854,848,1,1,0,0,0,4
14840,1407,1386,8,1,1,0,2,9
12976,115,114,0,0,0,0,0,1
13302,572,559,2,2,0,0,2,7
13472,142,141,0,0,0,0,0,1
11231,15216,11125,2044,74,596,3,946,428
12833,1707,1663,9,3,3,0,3,26
14130,92,92,0,0,0,0,0,0
14708,69,68,0,0,1,0,0,0
11950,4751,3825,377,83,78,3,251,134
12046,321,312,1,2,1,0,0,5
12470,224,220,1,1,1,0,0,1
13132,1628,1590,9,15,3,0,2,9
11790,4840,4439,58,2,289,1,21,30
12069,94,90,0,0,0,0,0,4
12583,949,895,12,1,22,1,9,9
11359,0,0,0,0,0,0,0,0
11741,9676,9016,141,14,310,1,121,73
12958,757,750,0,4,1,0,0,2
13411,1293,1271,5,1,2,0,4,10
14435,1204,1188,3,6,1,1,1,4
12412,283,265,2,2,3,0,5,6
14113,264,261,0,2,0,0,0,1
14220,10175,9598,229,53,40,3,170,82
13675,50,48,0,1,0,0,0,1
13783,1108,1062,23,3,6,0,5,9
14437,3980,3875,25,13,12,2,20,33
14482,3376,3252,64,11,5,0,12,32
10704,12465,9912,1034,36,504,6,731,242
11416,7227,2763,853,78,1381,7,1589,556
12209,4197,2798,1022,17,154,2,113,91
14103,4398,4099,179,25,17,1,35,42
10019,25905,18873,1317,64,4080,13,873,685
12117,1341,1321,3,4,1,0,1,11
12878,312,301,1,0,1,0,0,9
11518,4159,3968,45,1,60,1,57,27
12465,148,138,3,1,0,0,3,3
11010,8140,7443,87,13,352,0,170,75
12751,316,259,33,4,3,1,12,4
13044,986,976,0,3,1,0,0,6
14818,722,708,6,1,1,1,1,4
11030,6196,5336,103,4,683,0,21,49
13690,351,342,0,1,2,0,1,5
14051,7157,6467,152,8,454,1,15,60
14098,1114,1078,14,7,2,0,5,8
10271,0,0,0,0,0,0,0,0
13428,636,624,3,2,3,0,2,2
11373,31348,9569,891,178,14514,17,4752,1427
12177,226,222,0,0,1,0,0,3
12442,477,465,0,0,3,0,3,6
14041,89,85,3,0,1,0,0,0
13357,4545,4435,39,8,16,0,14,33
13752,358,353,0,1,0,0,2,2
14478,364,357,1,2,1,0,1,2
11549,0,0,0,0,0,0,0,0
11694,8276,7075,648,21,173,5,255,99
13313,207,199,4,1,1,0,1,1
14167,688,679,0,0,1,1,6,1
14814,787,751,9,1,18,0,2,6
11552,7289,5060,1442,13,306,5,316,147
12165,81,80,0,0,1,0,0,0
12540,2622,2450,42,2,79,2,21,26
12106,953,935,3,0,4,0,4,7
14511,216,206,6,0,1,0,0,3
11417,9230,4553,831,98,1479,12,1634,623
13845,32,31,0,0,0,0,0,1
13314,170,167,0,0,0,0,0,3
10537,917,816,46,0,9,0,22,24
10038,9410,5385,641,22,2748,8,366,240
12487,1260,1183,39,3,10,0,11,14
10505,226,194,3,0,24,0,0,5
11560,2268,2092,46,0,49,0,61,20
11580,12783,7159,3100,39,1272,6,872,335
12461,728,709,3,1,4,0,1,10
14782,921,909,1,3,1,0,2,5
10923,2940,2076,410,10,101,0,272,71
12495,149,144,1,0,3,0,0,1
14813,1016,998,4,1,1,0,1,11
10314,30709,24695,1295,63,3270,11,859,516
10594,1656,1528,14,2,59,0,40,13
12061,3651,3397,93,6,104,0,13,38
12592,546,511,18,2,2,0,4,9
14716,924,906,3,2,1,0,6,6
11729,9553,7706,946,18,505,1,217,160
14838,769,757,1,2,1,0,1,7
12486,619,606,6,0,1,0,0,6
13353,44,43,0,0,0,0,0,1
14883,1657,1607,17,5,8,0,6,14
10969,462,432,13,1,4,0,8,4
11949,5093,4846,73,8,75,2,54,35
12208,9562,7757,1050,15,434,2,112,192
12175,273,266,2,1,1,0,1,2
11947,157,151,1,0,2,0,1,2
12601,15765,9749,4281,100,406,5,752,472
12577,667,617,26,2,5,0,13,4
13083,684,675,0,0,2,0,1,6
11779,13162,12114,239,14,466,3,179,147
14767,713,705,0,0,1,1,1,5
11206,28025,11281,8760,231,1591,17,4908,1237
14464,2800,2716,24,12,8,0,14,26
14709,625,618,1,1,2,0,1,2
13438,1565,1551,4,3,2,1,0,4
13856,2830,2760,13,14,14,0,13,16
13318,497,486,3,0,2,0,1,5
14530,2255,2213,11,3,1,0,13,14
14561,1091,1071,4,1,1,0,12,2
10987,1330,1220,23,1,64,0,8,14
12045,232,217,7,0,0,0,1,7
14111,1297,1251,5,21,0,0,7,13
12017,182,176,1,0,3,0,0,2
10010,16556,13050,739,34,2113,3,276,341
13026,618,603,1,0,3,0,2,9
14882,1562,1487,21,8,12,3,12,19
11968,4426,3810,194,204,56,4,88,70
12444,249,247,0,1,0,0,0,1
12865,1485,1448,13,1,2,2,6,13
11547,273,257,3,1,10,0,0,2
12857,218,211,1,1,0,0,0,5
13804,154,152,0,0,0,0,0,2
14411,5015,4614,264,22,14,3,55,43
12981,917,901,1,4,0,0,1,10
13488,42,42,0,0,0,0,0,0
14870,4089,3733,83,10,199,1,10,53
12204,3445,2222,838,5,253,1,55,71
12764,770,725,23,5,3,0,2,12
12845,2085,2049,4,7,6,0,3,16
10992,3339,2896,206,11,63,0,113,50
11713,3462,2471,628,35,75,2,148,103
12858,28,28,0,0,0,0,0,0
13335,581,574,2,0,1,0,3,1
13810,508,499,3,1,0,0,1,4
13863,238,232,1,2,0,0,0,3
12855,108,108,0,0,0,0,0,0
14037,444,441,1,1,0,0,0,1
12071,112,110,1,0,1,0,0,0
14054,514,504,2,1,2,0,2,3
14169,67,66,0,0,0,0,0,1
12542,2236,2049,95,6,14,0,46,26
10462,29855,10224,10029,253,2352,26,5494,1477
10031,20638,5290,8331,212,565,9,4917,1314
12490,45,45,0,0,0,0,0,0
14545,70,69,1,0,0,0,0,0
10526,674,632,18,0,14,0,2,8
12822,2420,2371,5,7,3,0,3,31
13308,1407,1383,7,4,3,0,1,9
10970,3666,2604,560,12,232,2,180,76
14894,574,563,2,0,2,0,2,5
12036,94,94,0,0,0,0,0,0
13651,59,56,1,0,0,0,0,2
13681,325,317,0,1,1,0,1,5
13082,1993,1962,8,3,4,2,2,12
13140,1724,1692,13,4,0,1,3,11
12754,2877,2297,276,17,31,1,185,70
11435,17724,5670,5107,148,3115,27,2562,1095
11237,15512,6301,1706,178,1177,12,5236,902
12530,54,52,1,0,0,0,0,1
10039,10070,1047,7413,61,160,4,1020,365
14048,6377,5406,294,51,22,1,516,87
12452,107,106,0,1,0,0,0,0
13502,13811,11786,1252,33,236,5,270,229
13652,691,677,1,4,0,0,2,7
13775,682,664,3,2,2,0,3,8
14519,4503,4405,43,11,14,0,9,21
11370,9415,5626,186,37,1810,3,1396,357
13204,8207,5338,1926,131,61,2,463,286
14864,540,534,1,1,0,0,0,4
14536,271,266,0,0,1,0,1,3
10004,1692,1226,49,6,368,0,14,29
13801,570,548,4,3,2,0,2,11
13666,103,98,0,1,0,0,0,4
14201,5732,3298,1299,74,91,4,794,172
10458,26201,7997,7349,381,1007,24,7897,1546
11001,9198,7316,492,16,952,2,256,164
12752,120,118,2,0,0,0,0,0
14706,2557,2485,11,14,31,0,3,13
11211,33489,25397,1699,173,1551,24,3552,1093
12118,5883,5740,26,10,53,0,13,41
11367,14972,9036,1781,30,2868,4,718,535
12474,542,534,1,0,2,0,1,4
12007,26,25,0,1,0,0,0,0
13440,17161,16153,524,49,136,0,99,200
14261,2,2,0,0,0,0,0,0
11755,4187,3767,66,8,258,0,51,37
12522,2091,1926,56,6,16,0,49,38
11412,10691,150,9902,31,107,5,199,297
11767,4788,4480,68,3,173,0,34,30
11792,2889,2802,34,1,26,2,10,14
10580,5995,5514,80,7,297,1,47,49
13794,44,43,0,0,0,0,0,1
14760,8358,7892,208,49,75,1,26,107
14845,8501,8103,147,10,173,1,9,58
10576,1861,1779,25,2,32,0,9,14
12443,1554,1495,19,1,25,1,3,10
12837,329,324,0,2,1,0,1,1
12548,552,485,34,1,6,0,16,10
13832,267,261,1,2,0,0,0,3
13661,612,603,1,0,0,0,1,7
14062,1346,1321,3,13,1,0,1,7
12054,6866,6548,107,6,128,1,17,59
12189,8303,7278,529,19,291,2,82,102
12950,342,335,0,1,1,0,1,4
13478,1203,1179,4,9,3,0,0,8
11236,31778,3188,26399,95,757,5,742,592
13614,121,121,0,0,0,0,0,0
11379,13881,12093,109,18,859,2,614,186
11414,10695,9577,229,20,285,2,450,132
12108,187,185,0,1,0,0,0,1
14004,4069,4031,9,9,6,0,2,12
13755,534,527,3,0,1,0,0,3
10119,0,0,0,0,0,0,0,0
13687,214,211,1,0,1,0,0,1
10459,15398,3678,5596,261,112,14,4655,1082
13646,895,872,2,8,2,1,1,9
12182,6332,5580,532,13,25,3,71,108
14068,2747,2496,87,2,146,0,2,14
14701,17097,15952,516,81,56,6,245,241
12110,7672,6834,269,14,429,0,49,77
13477,571,562,0,3,1,0,1,4
14754,266,263,0,1,0,0,0,2
14105,1805,1769,11,6,4,0,5,10
14819,273,266,1,1,1,0,0,4
10174,0,0,0,0,0,0,0,0
10467,35524,10258,14605,376,1814,22,6855,1594
10975,154,142,6,0,1,0,4,1
12571,3908,3731,39,10,56,0,33,39
13146,868,847,7,2,1,0,4,7
13806,78,77,0,0,1,0,0,0
11964,857,828,4,7,3,0,8,7
14728,418,412,1,1,0,0,2,2
10024,30836,26264,1616,52,1648,12,676,568
12996,895,883,2,0,1,0,0,9
13739,393,380,4,2,2,0,1,4
13642,3599,3514,20,17,8,2,8,30
14752,100,97,0,1,0,0,1,1
14788,63,63,0,0,0,0,0,0
11710,11787,11067,161,7,334,1,114,103
12835,1086,1063,6,4,1,0,2,10
13163,135,128,2,0,0,0,0,5
11232,8403,4182,497,144,1223,6,1871,480
12167,1007,973,10,1,2,0,5,16
13063,677,658,3,8,1,1,2,4
13662,7033,6702,28,183,47,0,12,61
12047,8756,8101,311,23,125,1,55,140
13846,135,127,1,0,4,0,1,2
11934,2412,2240,72,2,26,0,44,28
12064,232,222,2,0,3,0,3,2
12085,195,162,16,0,10,0,3,4
10014,19790,17754,351,35,1078,6,188,378
13835,602,591,1,1,1,0,1,7
11598,4098,3800,77,2,159,0,40,20
12094,827,813,0,4,1,0,1,8
14209,3954,2057,1640,19,87,2,60,89
14428,3167,3068,57,5,12,1,11,13
10963,871,799,39,3,7,0,14,9
13691,1163,1122,10,9,1,0,4,17
10950,12727,11640,366,33,273,3,274,138
14042,1617,1596,0,8,3,0,3,7
14877,170,170,0,0,0,0,0,0
10514,3893,3503,46,0,297,1,18,28
14809,967,942,5,5,2,1,3,9
12463,640,621,5,2,4,0,3,5
12738,135,118,5,3,0,0,1,8
13224,3754,2132,1352,20,97,3,63,87
14471,1201,1187,4,1,0,0,0,9
10910,9,8,0,0,1,0,0,0
12838,243,242,0,1,0,0,0,0
12952,262,257,1,1,1,0,2,0
13113,95,93,0,0,0,0,1,1
12037,1788,1706,37,3,10,0,13,19
12410,183,175,3,1,2,0,2,0
10710,9992,7034,1216,38,977,2,487,238
10918,4022,3423,271,14,121,1,131,61
11421,11845,5943,975,114,1597,10,2510,696
13037,3503,3430,16,17,9,0,5,26
13694,651,641,2,7,0,0,0,1
10153,0,0,0,0,0,0,0,0
12438,26,26,0,0,0,0,0,0
14219,5123,5009,49,14,15,0,12,24
14825,346,338,1,3,1,0,1,2
11766,4231,3985,42,3,137,1,29,34
12302,11439,11075,103,9,131,1,39,81
12144,8947,8033,452,23,270,1,36,132
14823,1510,1494,6,2,4,0,0,4
14903,3231,3102,51,7,38,1,5,27
12195,75,73,0,1,0,0,0,1
12803,3141,3083,20,5,10,0,7,16
12485,411,392,0,0,4,1,6,8
13751,78,78,0,0,0,0,0,0
14422,955,927,4,2,2,0,9,11
13207,5430,3214,1907,54,19,0,91,145
12941,590,584,1,2,0,0,0,3
12720,77,73,1,0,1,0,2,0
12819,163,157,2,0,0,0,0,4
13435,117,116,0,0,1,0,0,0
11794,0,0,0,0,0,0,0,0
10069,2696,1987,116,1,519,0,25,48
12156,344,335,0,0,2,0,0,7
13165,4286,4181,39,8,10,0,14,34
14212,4779,2558,1953,22,133,2,30,81
12151,313,298,4,3,2,0,3,3
12566,3894,3667,83,10,32,1,51,50
13669,6122,5950,17,58,39,0,5,53
10927,3425,1858,437,25,87,3,813,202
14513,5668,5227,203,19,23,1,121,74
11362,7020,4734,99,7,1970,0,114,96
14134,40,40,0,0,0,0,0,0
12872,18,17,0,1,0,0,0,0
13064,31,31,0,0,0,0,0,0
13654,839,829,2,4,1,0,0,3
14753,486,472,3,5,2,0,0,4
10605,7157,5951,552,17,307,1,195,134
11428,5540,1600,1399,30,1272,8,749,482
10506,1928,1844,19,3,47,0,5,10
14485,1660,1625,7,5,9,0,5,9
12534,7429,6284,763,22,144,3,97,116
13134,44,37,6,0,0,0,0,1
12811,47,47,0,0,0,0,0,0
13164,809,782,10,5,1,0,6,5
10545,1,1,0,0,0,0,0,0
13833,1679,1639,3,6,5,0,3,23
11221,28391,4707,17450,246,509,20,4317,1142
14416,1461,1437,5,2,2,0,4,11
10023,34383,28868,1432,55,2906,12,569,541
12766,179,170,4,1,2,0,0,2
14710,1424,1415,2,1,1,0,2,3
13029,2748,2669,24,11,12,0,3,29
13126,13642,13227,124,37,94,2,64,94
14529,31,31,0,0,0,0,0,0
12471,95,88,2,0,1,0,1,3
13452,1808,1790,3,4,2,0,1,8
10703,7421,4699,1267,22,342,8,877,206
12063,170,164,2,0,3,0,0,1
12921,957,936,10,1,3,0,0,7
13685,998,954,11,6,8,0,4,15
14843,5401,5211,86,12,26,2,17,47
13850,8983,8033,168,8,667,2,24,81
10913,1601,1430,15,0,117,1,25,13
12927,98,97,0,1,0,0,0,0
13902,0,0,0,0,0,0,0,0
14897,353,350,0,0,0,0,0,3
10103,0,0,0,0,0,0,0,0
10168,0,0,0,0,0,0,0,0
10994,2322,2006,58,2,203,3,22,28
12207,1062,315,638,6,29,0,43,31
14216,10811,8607,1605,71,144,2,181,201
10018,3065,1875,188,5,764,1,143,89
12414,4475,4016,270,17,36,1,56,79
12441,59,58,0,0,0,0,0,1
13066,5237,4937,84,10,141,0,15,50
11207,31118,3386,21654,274,273,33,4336,1162
13637,1703,1399,174,6,26,6,60,32
11415,8614,5776,722,22,1184,3,571,336
11795,8326,8100,30,4,103,1,34,54
13350,4107,3929,81,7,34,2,19,35
12424,121,116,0,0,3,0,1,1
12491,721,694,9,2,5,1,3,7
13667,1292,1256,5,13,3,0,0,15
10520,5197,4650,222,6,153,1,100,65
12528,5049,4563,231,12,91,4,65,83
13606,1019,1001,6,1,1,2,3,5
10282,2215,1814,57,2,263,1,35,43
14893,3,3,0,0,0,0,0,0
12031,63,61,0,1,0,0,0,1
14059,3558,3530,5,4,9,1,3,6
11419,12688,1951,2417,183,3849,27,2357,1904
12187,282,275,2,3,1,0,0,1
14108,2259,2206,18,7,6,0,7,15
11433,10230,486,8075,99,432,6,752,380
12726,482,464,8,1,3,0,4,2
12841,40,40,0,0,0,0,0,0
14414,2967,2854,36,11,20,0,15,31
14423,1910,1816,62,1,9,1,10,11
14804,587,575,0,0,5,0,0,7
11020,1908,1216,191,5,440,0,33,23
14210,6257,5593,373,46,27,2,124,92
11754,6711,6437,52,5,124,1,44,48
12945,271,263,2,1,1,0,0,4
14012,895,883,2,4,2,0,2,2
14878,296,293,0,1,0,0,1,1
14173,181,179,1,0,0,0,0,1
11722,9551,4730,2599,74,309,6,1383,450
12851,156,152,0,0,0,0,1,3
10033,18975,9331,1897,185,525,11,5734,1292
10597,326,320,1,0,4,0,0,1
14778,2,2,0,0,0,0,0,0
14836,406,399,1,1,0,0,1,4
13865,2448,2400,11,2,6,1,6,22
13090,11880,10887,540,34,235,3,44,137
12561,6132,5566,206,16,152,0,93,99
12974,707,692,1,0,2,0,3,9
11238,22648,9232,10623,74,1170,9,686,854
11776,8252,7435,201,13,317,0,198,88
11798,3928,764,2632,36,82,0,267,147
12051,1826,1759,38,1,6,1,7,14
12527,55,41,8,0,0,0,6,0
10901,8873,7749,380,34,333,2,269,106
11235,33886,28964,640,62,2794,2,966,458
13304,666,660,0,0,1,0,0,5
14047,2587,2528,15,21,6,1,3,13
13647,32,30,0,0,0,0,1,1
12986,2481,2437,10,16,5,1,3,9
14072,7936,7502,176,31,145,2,26,54
12305,2661,1989,466,18,52,1,68,67
14549,36,35,0,0,0,0,0,1
12920,1093,1081,1,4,4,1,0,2
13045,11217,10695,211,33,96,2,44,136
13795,1529,1485,12,2,8,0,6,16
12572,3758,3621,34,3,47,0,28,25
13102,37,36,0,0,1,0,0,0
11501,7536,6441,148,12,531,0,287,117
14872,254,248,2,0,2,0,0,2
11363,2669,1925,22,3,635,0,50,34
11566,11805,11143,137,12,326,0,111,76
10530,5878,4750,433,5,531,3,87,69
13636,103,102,0,0,0,0,0,1
11782,5703,5520,55,5,73,1,21,28
10472,22002,5732,7417,270,1031,30,6195,1327
13417,1681,1627,26,5,15,0,3,5
14170,917,908,2,2,1,0,1,3
12719,454,436,6,0,3,0,2,7
12033,3096,3031,22,5,13,0,8,17
14066,511,506,1,1,0,0,2,1
14585,71,71,0,0,0,0,0,0
14781,807,799,0,1,1,0,2,4
14821,1259,1243,3,1,0,0,0,12
10002,32925,13280,2589,142,12908,12,2909,1085
12411,212,205,1,0,2,1,0,3
12734,350,302,13,2,6,0,25,2
12863,220,217,0,0,0,0,1,2
12969,195,192,0,1,1,0,0,1
13733,2163,2128,3,5,3,1,8,15
10454,11978,3146,3848,228,66,10,3945,735
11743,15225,13654,760,18,440,3,197,153
10279,0,0,0,0,0,0,0,0
11418,11031,4811,1245,98,1993,18,2030,836
11978,1231,1080,68,5,10,2,47,19
13143,1015,979,7,7,3,0,2,17
14733,1675,1646,8,2,5,0,8,6
13333,26,24,1,0,1,0,0,0
11215,28077,22419,1685,81,1729,14,1285,864
11351,0,0,0,0,0,0,0,0
14892,3346,3281,17,10,5,0,2,31
11967,7992,6968,431,23,161,0,259,150
11360,8758,6867,127,7,1532,1,141,83
11554,12410,10568,334,9,1097,2,241,159
13615,491,483,2,1,1,0,0,4
10705,13494,6672,2771,131,654,14,2568,684
12089,32,32,0,0,0,0,0,0
13210,8339,5193,2021,38,733,6,115,233
14204,4117,766,3159,16,12,0,105,59
10312,21018,19494,177,29,935,5,219,159
11212,30201,1311,26081,167,198,7,1654,783
13024,0,0,0,0,0,0,0,0
13406,297,296,0,0,0,0,0,1
14020,9495,8928,326,40,61,1,44,95
10170,0,0,0,0,0,0,0,0
11772,16374,14080,912,43,270,2,729,338
11944,1772,1466,131,4,10,0,135,26
11955,1519,1392,47,3,32,0,27,18
12775,915,799,56,4,30,0,12,14
13483,89,87,0,2,0,0,0,0
10919,360,322,15,1,8,0,11,3
11214,32212,21845,392,75,7869,19,1526,486
12008,186,183,0,0,1,0,0,2
12427,149,145,2,0,1,0,1,0
13340,3281,3234,17,3,10,0,5,12
11933,2913,2716,133,0,20,1,31,12
12533,8394,7528,309,9,307,4,142,95
14418,554,545,4,0,0,0,1,4
11570,10002,8633,846,13,164,3,233,110
12158,2465,2303,76,7,38,0,8,33
13203,7205,4998,1369,85,391,3,123,236
14805,435,428,2,2,0,0,1,2
10003,28559,23557,679,41,3204,6,437,635
11216,23193,3247,17784,99,556,9,763,735
12093,680,665,7,3,0,0,0,5
10528,4602,4061,37,7,328,1,104,64
11024,2230,1902,36,3,110,0,57,122
12024,13,13,0,0,0,0,0,0
14622,5497,5112,220,13,47,0,47,58
11357,15149,12374,103,11,2171,0,321,169
13676,5336,5059,40,23,157,0,12,45
11223,28421,20890,1177,71,4485,9,1285,504
10577,776,740,9,0,20,0,3,4
11803,9690,8719,27,10,808,0,37,89
13456,1649,1630,6,1,2,0,3,7
13115,90,88,0,1,0,0,0,1
14476,864,843,7,6,1,1,1,5
14784,398,392,0,2,0,0,2,2
10998,1012,942,23,3,11,0,18,15
12466,1067,988,32,3,17,0,12,15
13054,597,588,0,4,1,0,0,4
12483,109,99,3,1,0,0,4,2
12791,328,316,6,0,4,0,2,0
14215,15778,2581,12647,40,120,4,116,270
10199,1,1,0,0,0,0,0,0
11693,4703,2842,1336,19,117,1,269,119
12139,130,128,0,0,0,1,0,1
10303,8239,3109,3233,62,556,4,964,311
10603,6749,3936,1829,34,400,3,363,184
10984,923,774,66,2,36,0,33,12
12060,633,619,5,2,1,0,3,3
12420,162,157,2,0,1,0,1,1
10111,0,0,0,0,0,0,0,0
12132,144,143,0,0,1,0,0,0
12762,189,171,6,1,0,0,9,2
12737,735,703,9,0,5,0,9,9
13145,794,777,1,3,2,0,3,8
14223,9832,9268,320,23,106,0,38,77
12143,2062,1958,49,3,10,0,22,20
12901,13331,12656,258,54,131,0,59,173
13348,604,595,0,2,2,1,1,3
14063,5317,5095,59,14,63,2,43,41
14592,41,40,0,0,0,0,0,1
11959,409,389,6,1,3,0,4,6
12419,287,279,2,1,2,0,1,2
12028,445,436,3,2,1,0,1,2
12520,1220,1170,9,1,16,0,6,18
12885,1935,1911,2,5,3,0,1,13
13842,192,184,3,0,0,1,0,4
10538,6162,5739,112,5,175,0,70,61
12758,1659,1550,41,12,14,0,27,15
14305,7126,4622,2201,110,38,3,39,113
11205,14690,6265,5827,89,714,7,1211,577
11777,3521,3226,38,5,181,0,43,28
13290,0,0,0,0,0,0,0,0
11509,1137,1112,5,0,11,0,8,1
14526,8012,7561,152,5,228,0,17,49
10928,1769,1346,227,11,30,0,111,44
11577,4255,3406,187,6,515,0,57,84
11801,12789,10111,122,18,1920,0,393,225
12547,1077,989,45,2,6,0,24,11
12781,127,123,1,0,2,0,1,0
11422,9408,928,7714,42,179,1,298,246
13864,491,480,2,3,2,0,1,3
14756,52,51,0,1,0,0,0,0
11935,1340,1296,18,0,6,0,14,6
14480,355,338,1,1,7,0,1,7
12856,89,89,0,0,0,0,0,0
14747,918,907,0,1,2,0,1,7
14859,401,393,1,2,1,0,0,4
10110,0,0,0,0,0,0,0,0
11962,212,200,3,0,5,0,4,0
12188,4637,4459,47,6,64,0,8,53
13354,1272,1255,2,4,2,1,0,8
12926,879,862,1,9,1,1,1,4
14028,627,609,1,6,5,1,0,5
13312,165,165,0,0,0,0,0,0
14548,1667,1631,8,4,4,0,6,14
10468,24909,6424,7220,377,1049,14,8114,1711
11356,7751,4468,192,23,1846,2,968,252
13410,91,87,0,0,0,0,0,4
12040,51,49,0,0,0,0,2,0
11952,1833,1754,26,1,15,0,27,10
12493,180,163,9,1,1,0,4,2
14614,47,25,21,0,1,0,0,0
10037,8885,736,7151,55,156,3,468,316
10507,2014,1701,77,6,69,0,121,40
13305,105,103,1,0,1,0,0,0
12964,68,67,1,0,0,0,0,0
12222,0,0,0,0,0,0,0,0
12910,689,678,2,6,0,0,1,2
14510,1976,1882,30,6,8,0,32,18
14544,790,782,1,3,0,0,1,3
11946,5247,4715,63,17,28,5,371,48
13338,522,510,3,1,1,0,2,5
14617,9502,8957,310,15,68,2,79,71
13343,672,668,1,0,1,0,0,2
13408,1083,1029,26,5,9,0,5,9
11796,1327,1296,11,1,10,0,5,4
13114,2422,2371,8,12,2,0,6,23
12125,599,586,7,1,3,0,0,2
12930,268,261,0,0,2,0,0,5
14820,280,276,0,0,0,0,0,4
10016,32173,24676,1159,46,5166,9,483,634
11377,31412,14766,1208,189,9894,12,3958,1385
12176,73,70,1,0,1,0,0,1
12194,82,81,0,0,0,0,0,1
12973,80,80,0,0,0,0,0,0
11369,11194,3830,2865,102,947,7,2766,677
11780,5273,5092,25,2,92,0,32,30
12733,204,175,21,0,4,0,3,1
13786,199,192,4,1,1,0,0,1
14525,1076,1061,5,3,2,0,2,3
13613,1079,1047,2,17,2,0,2,9
10035,12775,3501,5743,149,431,10,2309,632
12202,4322,1496,2408,21,64,1,185,147
12780,923,872,22,3,5,0,9,12
14775,1015,996,2,3,0,0,5,9
11738,5430,4917,143,11,167,3,109,80
10075,14622,13070,212,11,1012,2,102,213
13825,1427,1387,7,1,5,1,4,22
14724,909,902,0,0,0,0,2,5
12457,358,342,1,1,3,0,4,7
12980,557,546,0,6,0,0,0,5
12303,11969,10207,841,44,303,1,330,243
13084,1777,1688,9,51,8,2,0,19
14801,2060,2014,6,5,10,0,6,19
14466,685,673,2,0,2,0,2,6
10503,71,68,1,0,2,0,0,0
12585,302,288,10,0,1,0,1,2
13643,7,6,0,1,0,0,0,0
14623,9544,7328,729,25,1195,0,105,162
11720,9246,8205,239,7,490,1,202,102
11764,4239,4014,68,4,98,2,21,32
13638,139,131,3,0,2,0,1,2
14477,645,612,14,5,1,0,7,6
14613,5367,2509,2135,36,185,4,326,172
10511,841,785,23,0,9,0,16,8
11368,28861,9222,4912,337,3074,13,9478,1825
13317,1526,1476,20,4,6,0,5,15
13748,1548,1514,14,5,2,0,1,12
14058,833,760,18,4,2,0,37,12
14748,290,230,3,52,0,0,0,5
11942,1771,1697,21,2,14,0,30,7
12496,740,719,5,3,2,0,5,6
13668,1328,1292,2,8,7,2,1,16
14092,4749,4549,18,113,37,1,2,29
14855,295,290,1,1,1,0,1,1
11385,34843,24943,1123,193,1842,21,5634,1087
12072,1019,994,9,2,6,1,5,2
14132,2346,2201,13,107,1,0,2,22
11424,0,0,0,0,0,0,0,0
11956,177,172,1,0,0,0,3,1
12161,63,61,0,0,1,0,1,0
11957,353,344,2,1,2,0,2,2
11229,30601,23624,1675,45,4087,5,709,456
13673,854,782,32,7,8,2,9,14
14011,2411,2368,4,6,5,0,9,19
14901,5805,4812,764,26,26,1,40,136
10803,4261,3620,267,3,201,1,92,77
10915,44,39,3,0,0,0,0,2
12432,204,200,1,0,1,0,0,2
12578,871,843,10,3,10,0,3,2
13052,686,676,1,3,1,0,1,4
13809,633,626,1,0,2,0,2,2
11556,0,0,0,0,0,0,0,0
10916,1433,1328,45,4,17,0,20,19
11230,30859,23398,2787,80,2933,5,1116,540
11224,19774,13514,4077,83,770,7,927,396
13153,155,150,2,0,1,0,1,1
10309,10962,10317,83,3,375,2,125,57
13623,24,24,0,0,0,0,0,0
14803,491,482,2,0,4,0,0,3
13088,10163,9381,358,44,260,4,34,82
14735,1047,1033,3,3,1,0,2,5
10455,12880,3344,4063,198,77,9,4349,840
13092,985,966,6,2,4,0,2,5
14839,310,306,0,1,1,0,0,2
12454,125,125,0,0,0,0,0,0
12531,1213,1139,24,1,10,1,26,12
12828,3631,3569,18,5,3,0,12,24
13612,1107,1033,36,3,16,1,5,13
14580,20116,18980,379,28,485,5,85,154
11975,163,156,2,4,0,0,0,1
12787,192,170,9,1,3,0,7,2
11971,2439,2362,15,1,11,6,33,11
12401,14957,12584,1417,50,207,3,371,325
12831,6339,6159,65,12,44,1,19,39
12914,367,308,3,49,1,0,1,5
11970,249,246,2,0,0,0,0,1
12564,2694,2467,64,9,30,1,94,29
12812,76,74,0,0,0,0,0,2
12440,865,830,10,4,6,0,2,13
13332,960,945,3,3,0,0,0,9
12407,70,69,1,0,0,0,0,0
12911,15,15,0,0,0,0,0,0
12603,15593,12911,1450,34,641,4,304,249
13152,3248,3215,2,6,13,1,2,9
11705,2834,2710,37,5,44,0,19,19
13407,2293,2257,12,6,5,0,2,11
12481,600,572,11,0,5,0,6,6
10502,1916,1611,40,0,224,0,25,16
12433,224,217,1,0,3,0,2,1
14217,10837,10283,281,43,97,0,48,85
12164,174,171,1,1,0,1,0,0
12451,747,716,9,5,3,0,2,12
11691,19518,5949,10259,140,370,17,2050,733
13363,909,895,7,0,0,0,0,7
14207,9631,7008,1390,146,259,1,587,240
14881,102,96,2,0,3,0,0,1
12406,406,390,2,4,0,0,4,6
12529,1188,1163,10,1,6,0,5,3
12721,2410,2246,63,11,20,0,36,34
13640,136,134,0,0,0,0,0,2
13732,3149,3068,16,1,38,2,11,13
13750,447,436,4,0,1,0,1,5
12817,1027,1013,3,1,1,0,3,6
14214,8013,4093,3228,31,399,2,93,167
10278,0,0,0,0,0,0,0,0
12211,4379,4080,83,3,176,0,10,27
12604,2,2,0,0,0,0,0,0
13605,1828,1798,5,4,2,0,5,14
14055,563,557,1,1,1,0,0,3
10983,1920,1671,16,2,174,0,37,20
11701,9225,5368,3001,58,104,3,469,222
12025,2210,2172,7,7,5,1,3,15
12763,379,352,9,1,5,0,6,6
13342,74,72,1,0,0,0,0,1
13436,58,58,0,0,0,0,0,0
14895,4161,4080,15,10,14,1,8,33
12512,61,56,3,0,0,0,2,0
13491,1434,1408,3,3,6,1,2,11
14504,740,724,3,4,1,0,3,5
11980,1578,1477,48,3,25,0,11,14
12580,1625,1536,40,3,7,0,19,20
13021,16960,16139,495,49,73,4,55,145
14517,1160,1142,2,2,2,0,3,9
12574,156,145,4,0,2,0,1,4
10009,30182,20824,2491,115,3503,10,2206,1033
14779,2957,2350,16,497,11,2,21,60
14608,5230,1496,3172,35,151,5,196,175
10065,18544,16372,276,10,1452,3,190,241
12936,276,271,0,0,1,0,0,4
11951,4460,3789,366,17,53,2,139,94
13847,29,28,0,0,0,0,0,1
13624,1939,1904,16,3,1,0,2,13
12308,5862,4275,888,23,201,3,260,212
12473,340,338,0,0,0,0,0,2
12581,949,910,10,4,5,0,12,8
13454,291,289,0,0,0,0,1,1
10475,18534,4240,11917,96,203,9,1472,597
14737,1752,1722,2,10,4,0,4,10
14830,8517,8036,223,17,123,0,24,94
12417,234,217,10,0,1,0,1,5
12494,353,344,3,0,2,0,0,4
14837,2077,2041,14,4,1,0,0,17
14871,1831,1802,8,1,4,0,2,14
11102,14083,8946,1242,78,1851,8,1424,534
13159,2024,1973,12,8,12,0,6,13
12121,720,708,5,2,4,0,0,1
13062,76,72,2,0,2,0,0,0
13104,6006,5602,85,13,253,0,5,48
13209,5717,5486,65,51,34,1,24,56
13033,1337,1306,4,9,0,1,0,17
14031,3666,3584,21,7,34,1,6,13
14213,9254,5440,1788,151,606,13,984,272
14889,635,621,2,0,0,0,3,9
12847,293,286,2,0,1,0,0,4
12874,77,75,0,0,0,0,0,2
13076,860,852,2,1,0,0,1,4
13782,332,326,0,1,0,0,1,4
13122,417,408,3,1,1,2,0,2
10012,13338,10689,261,14,1827,3,224,320
13116,1404,1362,7,8,21,0,2,4
10590,2452,2347,25,1,47,1,13,18
11771,3737,3379,90,5,117,0,93,53
12022,411,407,0,1,0,0,0,3
14590,2171,2091,38,7,3,0,14,18
12983,3524,3419,31,24,19,0,4,27
12545,1954,1855,31,3,16,2,28,19
10931,362,222,52,33,11,0,11,33
13415,33,32,0,0,0,0,1,0
11548,427,321,8,1,72,0,11,14
10941,4898,3624,728,24,149,1,248,124
10965,5390,5076,48,8,163,4,61,30
11716,3795,3626,41,3,65,0,35,25
12439,147,143,1,3,0,0,0,0
13087,79,77,1,0,0,0,1,0
14721,94,93,0,0,0,0,0,1
14772,1557,1521,2,18,2,0,2,12
14802,505,456,11,0,28,0,3,7
10173,0,0,0,0,0,0,0,0
12569,3835,3602,102,5,47,1,30,48
13034,776,770,2,1,0,0,1,2
13202,2292,854,1096,17,207,0,52,66
14856,80,79,0,0,0,0,0,1
12307,2769,981,1165,24,103,7,314,175
12768,414,388,10,0,3,0,8,5
12416,124,121,0,0,1,0,1,1
14009,2379,2340,2,7,7,1,6,16
11361,10645,6700,429,4,3009,3,327,173
14842,320,318,0,0,0,0,0,2
11203,26420,846,24237,71,317,10,375,564
13080,1426,1405,1,5,5,0,2,8
13309,2359,2343,0,5,4,0,0,7
14826,866,852,3,0,1,0,0,10
14415,52,52,0,0,0,0,0,0
14865,1106,1090,5,2,2,0,4,3
10989,3493,2927,165,10,280,0,53,58
12480,313,293,6,3,4,0,3,4
13820,7978,7550,166,17,108,1,48,88
11426,6056,3570,313,14,1604,1,321,233
12746,327,307,5,5,3,0,0,7
14816,198,193,0,1,1,1,1,1
10162,801,744,9,0,38,0,4,6
10301,14719,8745,3499,89,849,8,1040,489
11204,25449,18304,210,38,5485,9,1037,366
12919,1248,1214,3,5,6,1,2,17
10960,6206,4622,1079,12,187,0,190,116
14425,4055,3870,67,11,46,2,25,34
11222,17033,14717,345,35,727,5,778,426
13418,93,91,0,0,0,0,1,1
12786,292,274,4,0,3,0,5,6
11434,20244,417,18377,98,220,7,552,573
12155,819,799,4,0,3,0,1,12
12405,318,308,4,2,1,0,2,1
10171,0,0,0,0,0,0,0,0
13325,360,356,0,2,1,0,1,0
12748,842,806,9,1,7,0,8,11
13802,261,258,0,0,0,0,0,3
11958,256,240,8,0,0,0,8,0
12134,1510,1477,1,3,4,1,4,20
14033,869,863,1,1,2,0,1,1
14040,847,841,0,0,1,0,0,5
14224,17062,16731,119,34,73,0,33,72
13620,800,791,3,2,0,0,3,1
13639,89,86,1,1,0,0,0,1
10452,24796,4565,9895,354,333,23,7974,1652
11786,1933,1845,18,1,48,0,8,13
12422,139,138,0,0,1,0,0,0
14112,27,26,0,1,0,0,0,0
14712,1418,1408,3,0,3,0,0,4
11725,9688,9046,60,6,453,1,55,67
11960,438,430,0,1,1,0,2,4
13123,127,125,0,2,0,0,0,0
14489,2825,2604,160,8,6,0,22,25
10034,15007,6602,2106,158,382,10,4693,1056
10953,97,94,0,0,1,0,2,0
11977,856,803,12,2,9,1,19,10
12722,71,70,0,1,0,0,0,0
11427,7683,2629,2108,35,1908,8,636,359
13480,1368,1341,6,2,2,2,0,15
11740,3405,3093,134,6,97,0,37,38
14714,173,168,2,0,0,0,0,3
13788,424,412,5,0,1,0,1,5
14080,1724,1706,6,5,2,0,1,4
14620,11439,8657,1613,34,729,5,137,264
10524,1536,1460,27,3,15,1,13,17
12057,708,697,1,0,5,0,3,2
13901,8797,7917,508,20,117,0,89,146
14127,11816,11546,81,20,112,2,13,42
14723,481,476,2,0,0,0,1,2
11717,13670,7036,2521,140,289,11,2961,712
14171,849,830,11,3,0,0,0,5
14475,88,85,1,1,0,0,0,1
13036,3448,3391,4,18,8,0,3,24
13744,443,427,1,1,5,0,2,7
10940,17345,11805,2905,92,332,5,1731,475
12184,2773,2688,34,4,19,0,16,12
12785,384,359,10,0,3,0,6,6
12834,2634,2588,16,4,7,0,6,13
10461,19772,13024,1535,101,1490,10,3000,612
13030,1623,1586,9,9,5,0,1,13
13416,894,885,3,0,1,0,2,3
13608,625,610,5,0,0,0,3,7
14061,132,118,4,9,0,0,0,1
14589,3134,2919,135,11,10,0,33,26
10453,25307,4180,10678,382,264,32,8146,1625
11703,5739,5067,307,4,182,1,120,58
10549,5956,4907,261,22,237,0,402,127
14143,506,496,4,3,1,0,1,1
12029,431,426,2,0,2,0,0,1
12501,962,879,29,2,14,0,22,16
14070,2085,1832,7,216,4,0,6,20
12090,2517,2467,11,5,8,0,7,19
12567,1186,1126,9,4,9,2,19,17
14085,2572,2541,9,8,8,0,3,3
14303,2783,1913,675,67,24,1,34,69
14718,810,804,0,1,2,0,1,2
11791,8131,6567,41,8,1418,1,35,61
12747,571,493,43,3,8,0,16,8
12821,119,117,0,0,0,0,1,1
10128,32306,26476,1539,42,2935,6,677,631
11378,12762,10178,171,39,977,5,1155,237
11565,3143,2883,75,0,101,0,56,28
13658,886,870,0,3,1,0,3,9
14822,479,473,0,1,0,0,2,3
11726,6037,4305,863,30,124,0,555,160
12056,898,880,4,2,4,0,3,5
12428,2491,1942,273,28,38,0,135,75
10922,629,560,17,8,7,0,20,17
11788,5830,5221,135,6,349,0,64,55
12846,1335,1306,2,5,2,0,4,16
10013,12096,7388,294,8,4064,4,94,244
14824,277,266,2,1,2,0,1,5
13433,717,709,2,0,0,0,0,6
12546,1262,1175,23,5,6,0,38,15
13815,5788,5609,51,21,30,0,18,59
12423,477,469,1,0,1,0,1,5
10932,23,23,0,0,0,0,0,0
12977,49,48,0,0,1,0,0,0
11021,7846,6610,151,8,834,2,110,131
12169,126,123,0,0,0,0,0,3
12153,328,321,2,0,0,0,0,5
12449,1184,1107,20,4,23,0,6,24
11542,10011,8044,640,25,426,8,669,199
14777,281,279,0,0,2,0,0,0
13468,187,185,0,0,0,0,0,2
13618,774,758,3,0,0,1,5,7
10167,0,0,0,0,0,0,0,0
12516,675,657,2,0,4,1,3,8
14039,45,45,0,0,0,0,0,0
12052,603,593,0,0,5,0,0,5
12955,166,160,0,3,0,0,0,3
14075,17368,17040,101,41,69,1,47,69
12824,385,379,0,0,0,0,0,6
12932,546,540,1,1,1,0,0,3
13074,1649,1622,7,7,1,0,2,10
14806,870,861,1,2,1,0,1,4
11965,271,262,3,1,1,0,1,3
12725,120,117,1,1,0,0,0,1
13619,4240,4003,106,18,34,4,35,40
14550,636,624,1,1,1,0,2,7
11704,13547,11186,1478,29,298,5,340,211
12124,255,246,5,0,1,0,1,2
10952,9080,8237,509,9,176,3,69,77
11101,10429,5157,2063,57,1536,3,1201,412
11219,26177,18526,391,53,5305,15,1429,458
14025,1196,1182,1,3,2,1,3,4
13807,499,484,3,2,4,0,3,3
14588,32,32,0,0,0,0,0,0
10607,2255,1155,666,7,216,1,156,54
12205,11663,10362,600,20,477,0,78,126
13212,8775,8402,174,45,70,4,27,53
13320,857,842,6,1,2,0,1,5
10028,25158,22275,451,17,1820,6,223,366
10925,1917,1790,37,10,27,0,31,22
13072,372,364,1,3,2,0,0,2
14150,18637,17844,325,65,224,1,72,106
14607,9647,7843,1167,36,257,3,128,213
11804,1745,1645,6,1,79,0,3,11
13060,1121,1095,2,3,3,0,8,10
11105,16120,13043,339,31,1391,5,893,418
14141,3071,3027,7,11,9,1,3,13
10302,6002,3375,1325,36,216,6,818,226
12985,414,406,3,1,0,0,1,3
14516,945,900,16,4,0,0,9,16
11372,23906,12946,848,139,4458,10,4318,1187
13110,939,927,1,7,2,0,2,0
13112,739,727,4,1,0,1,2,4
13459,891,869,4,1,3,0,8,6
14035,54,54,0,0,0,0,0,0
12206,6814,2855,3124,40,314,3,264,214
13042,920,903,3,6,2,0,0,6
13215,5443,5145,150,35,49,3,21,40
14715,1092,1081,4,2,1,0,0,4
10546,454,395,9,0,46,0,4,0
10805,7501,5412,1166,15,280,6,432,190
12418,226,224,0,0,0,0,0,2
11932,608,497,77,3,3,0,26,2
12860,307,304,0,0,1,0,0,2
13471,1293,1273,6,2,4,0,1,7
11371,0,0,0,0,0,0,0,0
13680,445,435,4,0,0,0,1,5
12413,1290,1225,17,11,11,0,12,14
11507,2467,1793,14,2,585,0,28,45
11558,2916,2623,29,1,60,0,148,55
12975,118,114,0,0,3,0,0,1
10040,15718,7189,1786,150,519,7,4956,1111
11941,753,724,10,0,3,0,10,6
12508,7218,5354,1141,29,198,1,316,179
13776,223,218,2,0,0,0,0,3
13039,6569,6325,120,16,56,2,14,36
13157,357,353,0,1,2,0,0,1
13450,45,45,0,0,0,0,0,0
14533,755,730,9,3,3,0,3,7
12032,382,375,0,0,1,0,1,5
12122,1962,1912,6,9,6,0,7,22
12087,403,394,2,0,2,0,1,4
13057,6506,6195,116,36,83,2,15,59
14032,2686,2591,30,2,52,0,0,11
12749,145,133,7,0,1,0,3,1
13674,51,51,0,0,0,0,0,0
14571,496,472,11,3,0,0,0,10
12502,485,471,4,1,3,1,1,4
14502,4064,3940,41,4,43,0,10,26
14720,290,281,1,1,1,0,3,3
10001,11031,7609,771,36,1879,2,424,310
13355,305,296,2,3,0,0,2,2
10567,6585,5633,405,13,242,2,193,97
14202,1892,1331,376,11,42,0,85,47
12883,2089,2045,5,6,13,0,1,19
12192,690,669,7,2,3,0,2,7
12887,1997,1951,5,5,3,1,15,17
12959,534,526,0,7,0,1,0,0
13117,74,74,0,0,0,0,0,0
14874,112,110,0,0,0,0,1,1
10990,7392,6799,296,17,74,0,113,93
10304,14438,7582,4157,77,1134,5,1118,365
12788,841,765,42,1,17,0,10,6
13650,566,551,0,2,3,0,5,5
12570,2540,2370,60,3,74,0,15,18
13834,60,58,1,0,0,0,0,1
14787,2132,2091,9,1,4,1,11,15
10280,4053,2956,120,2,829,3,53,90
12810,258,253,0,1,0,0,0,4
10518,448,413,2,1,23,0,1,8
11739,405,395,2,0,6,0,1,1
13743,1496,1460,12,4,1,1,1,17
11731,10225,9556,97,7,410,4,90,61
11752,3009,2810,69,4,47,1,50,28
12526,1502,1452,14,3,10,0,8,15
13617,3534,3412,42,11,40,0,5,24
12736,53,51,0,1,1,0,0,0
13784,72,72,0,0,0,0,0,0
11425,0,0,0,0,0,0,0,0
12078,9812,9440,180,19,38,1,40,94
14740,539,530,0,2,0,0,0,7
12989,448,438,0,6,0,0,0,4
14861,572,563,2,0,1,0,0,6
10977,15078,7444,5144,47,807,8,1219,409
14094,20875,19419,937,68,113,2,96,240
13327,814,799,1,0,2,1,0,11
12173,687,659,8,2,1,1,9,7
12967,441,432,2,4,0,0,1,2
13341,39,38,0,0,0,0,0,1
11423,9559,1665,4443,75,1574,12,1080,710
11201,23325,16873,3076,57,2077,7,603,632
11697,1736,1710,1,2,7,1,6,9
12590,13176,11153,819,26,580,2,399,197
13862,1619,1578,6,3,6,0,5,21
14067,1896,1855,9,7,4,2,7,12
10589,3771,3624,33,8,85,1,6,14
10709,3595,3299,26,8,197,0,43,22
10152,0,0,0,0,0,0,0,0
11514,1758,1500,53,1,127,0,49,28
12131,47,44,0,0,0,0,0,3
13156,837,821,2,7,1,0,0,6
11208,29211,4541,15227,313,1873,20,5798,1439
11718,1126,1081,18,1,13,0,6,7
13648,976,962,1,3,1,0,1,8
14572,2060,2018,16,6,5,0,2,13
14880,668,660,2,0,1,1,1,3
11561,16489,14765,709,27,313,5,457,213
12309,11926,10689,336,13,683,5,72,128
11429,7290,471,5970,40,214,5,323,267
13071,392,381,4,0,1,0,2,4
13473,292,289,1,0,0,0,0,2
10804,4961,4356,359,1,161,2,41,41
13797,850,836,0,3,3,0,1,7
10017,10763,8289,284,8,1899,6,96,181
10464,2089,1842,69,11,45,2,81,39
10562,10746,7396,1329,40,486,3,1180,312
10974,1075,969,32,4,26,0,28,16
11709,2471,2385,8,7,34,0,19,18
12724,117,113,1,0,1,0,1,1
13166,2205,2171,6,7,3,0,4,14
12074,1159,1141,3,1,1,0,4,9
14454,3247,3113,29,4,54,1,13,33
12701,4474,3017,962,23,70,1,283,118
12159,3306,3022,70,5,171,1,12,25
10036,15183,10258,1378,48,2389,6,649,455
12196,1176,1156,7,1,3,0,2,7
13622,932,919,4,3,1,0,1,4
14470,3170,3087,31,6,5,1,16,24
12453,146,139,2,0,0,0,0,5
12421,222,218,2,0,1,0,0,1
12779,907,583,153,9,7,2,125,28
10708,9062,8005,453,8,311,1,176,108
12778,294,278,7,0,3,0,2,4
13360,158,156,0,0,1,0,1,0
13839,586,565,7,3,2,0,2,7
14559,6827,6594,97,20,44,0,31,41
11579,1983,1887,27,4,30,0,19,16
12946,2409,2358,12,5,17,0,2,15
11563,8677,7789,246,9,291,0,248,94
12041,187,185,1,0,0,0,0,1
12979,1087,1064,5,2,9,0,1,6
11096,2536,1242,778,14,52,1,361,88
10980,4724,4265,165,4,103,1,124,62
14568,2203,2152,16,3,11,0,6,15
12065,17086,15857,346,30,577,5,89,182
14086,12194,11966,101,25,47,0,18,37
13808,748,734,2,1,0,0,3,8
11050,10978,9273,188,17,966,0,346,188
13331,101,100,0,0,0,0,0,1
14537,82,80,1,0,0,0,0,1
14542,39,39,0,0,0,0,0,0
12023,894,882,6,0,1,0,0,5
14867,2285,2198,26,11,11,1,5,33
14539,92,90,0,0,0,0,0,2
14846,314,311,0,0,1,0,1,1
10973,728,675,12,1,14,0,14,12
14624,14342,12760,1151,33,197,2,80,119
10604,4017,3180,329,14,163,1,247,83
12456,233,224,5,0,0,0,3,1
14514,2467,2231,149,4,47,0,18,18
12018,3050,3005,14,4,5,0,5,17
12523,770,754,5,1,5,0,1,4
10958,1017,932,38,1,11,0,29,6
12083,1555,1522,10,3,6,0,1,13
14741,753,743,0,5,2,0,0,3
12076,654,632,6,1,1,0,2,12
12172,137,129,3,1,1,0,0,3
12186,2565,2499,18,1,28,0,1,18
13367,3368,3297,24,10,7,3,7,20
14886,2805,2743,14,6,9,0,6,27
12750,75,73,0,0,0,0,1,1
10532,1707,1612,14,1,44,0,27,9
13324,877,864,1,4,3,0,1,4
12130,386,377,2,0,1,0,0,6
12042,120,117,1,0,0,0,0,2
10706,3363,2988,85,6,172,0,64,48
14731,758,748,0,3,1,0,0,6
12185,773,752,4,4,1,0,4,8
12450,94,90,0,1,0,0,1,2
12468,449,443,1,0,0,1,0,4
12866,15618,14898,308,29,157,4,59,163
13830,1944,1889,14,7,7,0,5,22
10011,30294,25338,1094,50,2453,15,659,685
10020,0,0,0,0,0,0,0,0
10465,15770,11534,1612,94,349,8,1767,406
12582,1374,1307,21,1,23,0,9,13
11973,0,0,0,0,0,0,0,0
13626,859,842,5,1,1,0,2,8
10509,6952,6395,147,18,127,5,172,88
11411,5893,157,5483,25,27,3,66,132
12503,314,302,6,1,1,0,1,3
14727,2261,2225,8,6,3,0,11,8
11023,3130,2775,46,2,200,0,19,88
12903,591,570,6,1,10,0,0,4
14616,12050,10845,770,33,123,2,159,118
12404,1378,1312,26,2,6,0,14,18
12784,35,30,2,0,1,0,2,0
14138,750,734,3,9,0,0,0,4
10986,670,631,19,2,5,0,8,5
11550,16033,3667,8951,80,254,6,2373,702
13413,6818,6508,61,3,193,0,14,39
13778,2458,2423,7,5,5,0,1,17
14717,288,285,0,0,1,0,1,1
13843,781,769,2,1,1,0,2,6
10968,1169,1038,42,0,60,0,16,13
11961,5589,5207,225,5,74,1,38,39
13469,320,317,1,0,1,0,0,1
11753,4159,3246,57,2,805,0,16,33
13811,1695,1661,3,5,6,1,5,14
12514,1122,1083,16,2,3,1,9,8
12929,454,443,3,1,0,0,0,7
12942,297,294,0,1,1,0,1,0
14605,4514,1023,2454,15,41,3,820,158
14619,5727,1543,3933,20,39,0,53,139
11727,11015,8728,1237,28,457,4,339,222
11783,7241,7023,29,2,120,0,33,34
12852,207,205,0,1,0,0,1,0
12943,229,225,0,0,1,0,0,3
13484,67,67,0,0,0,0,0,0
13692,15,15,0,0,0,0,0,0
10583,13710,11634,269,6,1555,2,116,128
10979,103,98,0,1,1,0,1,2
11768,7942,7723,29,7,121,2,31,29
10473,20571,4921,9623,231,272,18,4394,1112
10962,1839,1405,82,3,267,1,58,23
14719,1346,1331,2,7,0,0,1,5
14707,89,88,0,0,0,0,0,1
12459,85,81,1,0,1,0,1,1
12123,2115,2063,25,2,7,0,4,14
14462,245,240,1,0,2,0,1,1
14521,1100,1072,5,1,2,0,5,15
10471,9305,7000,1012,33,452,2,589,217
12815,386,377,2,0,0,0,0,7
11510,10763,6731,2857,30,391,2,498,254
12043,3140,3041,19,6,32,2,9,31
13437,194,193,0,1,0,0,0,0
12521,684,658,10,1,4,0,3,8
13069,9683,9434,54,42,23,2,42,86
13326,2450,2378,4,2,43,0,6,17
13486,336,332,0,0,2,0,0,2
14858,597,585,1,3,1,1,0,6
11228,15572,11965,102,27,2719,3,562,194
13860,37,37,0,0,0,0,0,0
14036,2044,2012,11,8,0,0,1,12
14512,1957,1929,4,2,5,1,1,15
10911,1,1,0,0,0,0,0,0
12862,8,8,0,0,0,0,0,0
10005,4251,2995,144,5,897,2,91,117
10305,15145,12273,641,37,1266,9,659,260
11420,12918,2411,4450,147,2288,18,2226,1378
13310,246,244,1,0,0,0,0,1
13730,1181,1158,1,7,3,0,3,9
10026,14199,3483,8337,80,590,8,1086,615
12460,110,106,2,0,0,0,0,2
13475,12,12,0,0,0,0,0,0
14060,180,178,1,0,0,0,0,1
14301,5939,4176,1362,140,64,0,47,150
10560,1660,1597,12,2,15,0,18,16
12469,302,297,1,0,1,0,0,3
13158,693,678,2,3,1,0,1,8
13731,562,542,7,2,3,0,4,4
10527,283,276,3,0,3,0,0,1
11749,1030,735,125,1,53,0,95,21
13439,1671,1643,2,8,4,0,5,9
11706,19005,12954,2974,87,503,6,1879,602
13777,275,271,2,0,0,0,0,2
14546,1961,1833,72,4,16,0,14,22
11209,31065,25616,640,81,2758,12,1257,701
12431,568,560,2,0,3,0,1,2
10701,23124,10489,7256,201,793,11,3466,908
13051,68,65,0,0,1,0,0,2
12137,664,648,3,1,2,0,4,6
13420,613,600,2,4,1,0,1,5
10451,17106,3251,8244,216,274,15,4139,967
12183,1286,1191,50,3,17,1,7,17
10601,5588,3477,1060,18,525,0,307,201
10985,19,18,1,0,0,0,0,0
11714,7996,7533,35,3,284,1,78,62
11751,5321,4885,161,5,100,3,102,65
12732,364,353,4,1,1,0,3,2
13695,39,38,0,1,0,0,0,0
14564,5536,5364,40,9,83,2,11,27
10926,1250,973,119,7,84,1,43,23
13470,291,288,0,0,0,0,0,3
14069,366,363,1,1,1,0,0,0
11374,19311,12745,694,33,4468,8,796,567
12174,126,122,1,0,0,0,1,2
14024,626,617,4,2,0,0,0,3
12507,59,56,0,0,1,0,0,2
13077,2639,2600,11,2,10,1,6,9
14227,10654,9837,507,24,189,1,24,72
12783,622,578,14,1,2,0,18,9
14120,19046,18540,168,64,133,3,37,101
14126,282,276,2,1,0,0,1,2
12075,1304,1273,11,2,6,0,7,5
13020,53,51,0,0,1,0,0,1
14736,104,101,0,0,0,0,1,2
10504,2605,2446,14,0,122,0,11,12
14225,15115,13652,1131,35,145,1,54,97
14615,6867,4945,1409,20,136,0,212,145
10172,0,0,0,0,0,0,0,0
11756,13935,12735,97,10,674,1,264,154
12027,1483,1461,3,4,9,0,1,5
12198,3123,3043,25,5,25,1,2,22
10022,19253,16959,236,15,1640,5,146,252
12489,224,197,11,2,3,0,8,3
13424,870,857,7,1,1,2,0,2
13693,215,212,1,0,0,0,0,2
14486,122,121,0,0,0,0,1,0
14627,0,0,0,0,0,0,0,0
11233,25693,1368,22078,163,186,6,1181,711
12550,18381,11483,4122,127,295,9,1856,489
14302,107,88,16,1,0,0,2,0
11239,6280,2272,3406,19,143,2,291,147
12776,928,886,11,3,8,1,11,8
14726,574,570,1,1,0,0,1,1
10523,2514,1255,669,6,251,0,255,78
14135,51,50,0,0,0,0,0,1
10707,4049,3366,326,6,220,1,78,52
11436,5353,171,4205,46,295,4,350,282
12150,393,379,6,0,0,0,2,6
12304,8627,6311,1271,49,241,9,381,365
13464,452,445,0,4,1,0,1,1
14505,2055,2017,7,6,2,0,11,12
12978,149,146,1,0,0,0,0,2
14898,558,551,2,2,0,0,0,3
12844,87,85,0,0,1,0,0,1
13754,1348,1320,12,4,0,0,3,9
10976,622,551,13,0,41,0,10,7
12814,738,725,2,1,3,1,2,4
14026,272,269,0,0,1,0,1,1
14208,4373,353,3918,11,7,1,26,57
14102,469,467,0,2,0,0,0,0
12010,12069,10842,266,42,75,2,673,169
12053,1723,1693,6,4,1,0,2,17
12842,568,558,2,3,2,0,1,2
13323,4204,4089,28,2,54,0,8,23
10307,4925,4671,27,5,101,2,72,47
13677,31,30,0,0,0,0,0,1
13827,4812,4676,38,10,30,1,12,45
12019,5737,5569,40,9,65,1,16,37
14145,633,628,0,0,0,1,0,4
11430,0,0,0,0,0,0,0,0
14468,6799,6630,68,16,26,1,14,44
12804,10930,10699,66,16,68,1,20,60
13774,87,85,2,0,0,0,0,0
14541,955,937,5,3,1,0,1,8
14555,463,447,9,0,1,0,1,5
12913,494,483,0,1,0,0,2,8
14610,7145,6395,445,13,148,4,52,88
12203,12840,10976,925,13,589,7,125,205
14532,1780,1748,5,4,4,0,6,13
11901,9677,7506,1254,59,86,9,562,201
13362,21,21,0,0,0,0,0,0
13628,95,88,2,1,2,0,1,1
13679,721,709,1,2,0,0,1,8
14052,6865,6798,12,3,19,0,9,24
11042,1,1,0,0,0,0,0,0
12524,5931,5043,313,10,392,1,96,76
12937,631,555,4,58,0,0,0,14
12957,704,688,2,8,3,0,1,2
13061,442,436,1,1,0,0,2,2
13409,915,889,2,16,1,1,1,5
13603,2992,2233,412,27,61,37,112,110
13142,2576,2534,6,12,5,0,4,15
13421,5847,5584,49,116,32,2,11,53
12886,122,120,0,0,0,0,0,2
11355,28837,6158,1257,62,19065,6,1462,827
13208,9048,6672,1237,128,615,1,149,246
14445,3505,3315,83,7,26,0,30,44
11742,4649,4294,71,3,188,1,52,40
10988,323,309,6,0,2,0,3,3
11226,36101,3910,27833,154,950,18,2071,1165
12166,539,528,1,2,3,0,2,3
12170,1862,1816,13,3,5,0,4,21
11364,13287,7710,330,12,4760,2,291,182
12770,121,116,3,1,0,1,0,0
13601,15470,14057,701,89,221,18,134,250
11004,4975,3057,263,11,1390,2,115,137
10311,0,0,0,0,0,0,0,0
11746,20825,16614,1411,54,1209,3,1094,440
14057,3114,3083,7,5,1,0,7,11
10310,8361,5031,1894,40,398,2,749,247
11572,10749,10169,83,7,234,0,175,81
11930,616,592,7,1,6,0,8,2
11972,470,434,9,1,4,1,20,1
12960,464,458,0,1,1,0,1,3
10044,4501,2642,685,10,842,15,154,153
12475,149,145,0,0,0,0,3,1
14109,1,1,0,0,0,0,0,0
